[{"sidebar-1":["text-8","text-9","text-10","text-7","categories-2"],"top_bar_left":["text-15"],"top_bar_right":["travelwp_login_register_from-2"],"menu_right":["travelwp_search_widget-2"],"footer":["text-2","text-3","text-4","null-instagram-feed-2"],"copyright":["text-5"],"sidebar-shop":["text-12","text-13","text-14"],"single_tour":["travelwp_tour_register-2"],"sidebar-tour-phys":["tb_search_widget_phys-3"]},{"text":{"8":{"title":"","text":"<img src=\"http:\/\/travelwp.physcode.com\/maindemo\/wp-content\/uploads\/sites\/7\/2016\/10\/sidebanner-ticketing.jpg\" \/>","filter":false,"widget-class":""},"9":{"title":"","text":"<img src=\"http:\/\/travelwp.physcode.com\/maindemo\/wp-content\/uploads\/sites\/7\/2016\/10\/sidebanner-tour.png\" \/>","filter":false,"widget-class":""},"10":{"title":"","text":"<img src=\"http:\/\/travelwp.physcode.com\/maindemo\/wp-content\/uploads\/sites\/7\/2016\/10\/hertz-sidebanner.jpg\" \/>","filter":false,"widget-class":""},"7":{"title":"","text":"<ul class=\"top_bar_info clearfix\">\r\n\t<li><i class=\"fa fa-phone\"><\/i> 0123456789<\/li>\r\n\t<li class=\"hidden-info\"><i class=\"fa fa-map-marker\"><\/i> 1010 Moon ave, New York, NY US<\/li> \r\n<\/ul>","filter":false,"widget-class":""},"15":{"title":"","text":"<ul class=\"top_bar_info clearfix\">\r\n\t<li><i class=\"fa fa-clock-o\"><\/i>  Mon - Sat 8.00 - 18.00.<\/li>\r\n<\/ul>","filter":false,"widget-class":"","visual":false},"2":{"title":"CONTACT","text":"<div class=\"footer-info\">\r\n<p>Lorem ipsum dolor sit amet, cons ectetueradipiscing elit, sed diam nonu my nibh euis motincidunt ut laoreetd\r\n<\/p>\r\n<ul class=\"contact-info\">\r\n<li><i class=\"fa fa-map-marker fa-fw\"><\/i> 1945 Washington, San Francisco<\/li>\r\n<li><i class=\"fa fa-phone fa-fw\"><\/i> +1 234 456 7890<\/li>\r\n<li><i class=\"fa fa-envelope fa-fw\"><\/i><a href=\"mailto:hello@siteinfo.com\"> hello@siteinfo.com<\/a>\r\n<\/li>\r\n<\/ul>\r\n<\/div>","filter":false,"widget-class":"col-sm-3"},"3":{"title":"INFORMATION","text":"<ul class=\"menu list-arrow\">\r\n<li><a href=\"#\">Press Centre<\/a><\/li>\r\n<li><a href=\"#\">Travel News<\/a><\/li>\r\n<li><a href=\"#\">About Us<\/a><\/li>\r\n<li><a href=\"#\">Privacy Policy<\/a><\/li>\r\n<li><a href=\"#\">Contact Us<\/a><\/li>\r\n<\/ul>","filter":false,"widget-class":"col-sm-3"},"4":{"title":"Our Menu","text":"<ul class=\"menu list-arrow\">\r\n<li><a href=\"#\">About us<\/a><\/li>\r\n<li><a href=\"#\">Career<\/a><\/li>\r\n<li><a href=\"#\">Terms<\/a><\/li>\r\n<li><a href=\"#\">Privacy Policy<\/a><\/li>\r\n<li><a href=\"#\">Contact<\/a><\/li>\r\n<\/ul>","filter":false,"widget-class":"col-sm-3"},"5":{"title":"","text":"<ul class=\"footer_menu\">\r\n\t<li><a href=\"#\">Terms of Use<\/a><\/li>\r\n\t<li>|<\/li>\r\n\t<li><a href=\"#\">Privacy Policy<\/a><\/li>\r\n\t<li>|<\/li>\r\n\t<li><a href=\"https:\/\/twitter.com\/physcode\"><i class=\"fa fa-twitter\"><\/i><\/a><\/li>\r\n\t<li><a href=\"https:\/\/www.facebook.com\/physcode\/\"><i class=\"fa fa-facebook\"><\/i><\/a><\/li>\r\n\t<li><a href=\"https:\/\/www.instagram.com\/physcode\/\"><i class=\"fa fa-instagram\"><\/i><\/a><\/li>\r\n<\/ul>","filter":false,"widget-class":""},"12":{"title":"","text":"<img src=\"http:\/\/travelwp.physcode.com\/maindemo\/wp-content\/uploads\/sites\/7\/2016\/10\/sidebanner-ticketing.jpg\" \/>","filter":false,"widget-class":""},"13":{"title":"","text":"<img src=\"http:\/\/travelwp.physcode.com\/maindemo\/wp-content\/uploads\/sites\/7\/2016\/10\/sidebanner-tour.png\" \/>","filter":false,"widget-class":""},"14":{"title":"","text":"<img src=\"http:\/\/travelwp.physcode.com\/maindemo\/wp-content\/uploads\/sites\/7\/2016\/10\/hertz-sidebanner.jpg\" \/>","filter":false,"widget-class":""},"_multiwidget":1},"categories":{"2":{"title":"","count":0,"hierarchical":0,"dropdown":0,"widget-class":""},"_multiwidget":1},"travelwp_login_register_from":{"2":{"widget-class":"","title_form_login":"Login","title_form_register":"Register"},"_multiwidget":1},"travelwp_search_widget":{"2":{"widget-class":""},"_multiwidget":1},"null-instagram-feed":{"2":{"title":"Instagram","username":"#phys_travel","number":"6","size":"large","target":"_self","link":"","widget-class":"col-sm-3 custom-instagram"},"_multiwidget":1},"travelwp_tour_register":{"2":{"tour_cat":"","orderby":"date","order":"desc","tour_id":"262,260,261","number_post":"3","display_mode":"","widget-class":""},"_multiwidget":1},"tb_search_widget_phys":{"3":{"widget-class":"","hide_tour_name":"show","hide_tour_type":"show","show_tour_code":"hide","show_filter_ratting":"show","show_filter_price":"show"},"_multiwidget":1}}]