[{"sidebar-1":["search-2","recent-posts-2","recent-comments-2","archives-2","categories-2","meta-2"],"menu_left":["patistry_social_widget-3"],"menu_right":["woocommerce_widget_cart-2","patistry_search_widget-2"],"footer":["nav_menu-2","media_image-2","patistry_social_widget-2"],"sidebar-shop":["woocommerce_product_search-2","woocommerce_price_filter-2","woocommerce_product_categories-2","woocommerce_products-2"]},{"search":{"2":{"title":""},"_multiwidget":1},"recent-posts":{"2":{"title":"","number":5},"_multiwidget":1},"recent-comments":{"2":{"title":"","number":5},"_multiwidget":1},"archives":{"2":{"title":"","count":0,"dropdown":0},"_multiwidget":1},"categories":{"2":{"title":"","count":0,"hierarchical":0,"dropdown":0},"_multiwidget":1},"meta":{"2":{"title":""},"_multiwidget":1},"patistry_social_widget":{"3":{"style":"social_black","title":"","facebook":"physcode","twitter":"physcode","googleplus":"","instagram":"physcode","bloglovin":"","youtube":"","tumblr":"","pinterest":"","widget-class":""},"2":{"style":"social_black","title":"Follow Us At","facebook":"physcode","twitter":"physcode","googleplus":"","instagram":"physcode","bloglovin":"","youtube":"","tumblr":"","pinterest":"","widget-class":"col-sm-5 "},"_multiwidget":1},"woocommerce_widget_cart":{"2":{"title":"","hide_if_empty":0,"widget-class":""},"_multiwidget":1},"patistry_search_widget":{"2":{"widget-class":"","email":"info@gmail.com"},"_multiwidget":1},"nav_menu":{"2":{"nav_menu":50,"widget-class":"col-sm-5 text-right"},"_multiwidget":1},"media_image":{"2":{"attachment_id":317,"url":"http:\/\/patistry.physcode.com\/patistry-2\/wp-content\/uploads\/sites\/3\/2018\/06\/logo-white.png","title":"","size":"full","width":159,"height":128,"caption":"","alt":"","link_type":"custom","link_url":"","image_classes":"","link_classes":"","link_rel":"","link_target_blank":false,"image_title":"","widget-class":"col-sm-2 text-center"},"_multiwidget":1},"woocommerce_product_search":{"2":{"title":"","widget-class":""},"_multiwidget":1},"woocommerce_price_filter":{"2":{"title":"Filter by price","widget-class":""},"_multiwidget":1},"woocommerce_product_categories":{"2":{"title":"Product categories","orderby":"name","dropdown":0,"count":0,"hierarchical":1,"show_children_only":0,"hide_empty":0,"max_depth":"","widget-class":""},"_multiwidget":1},"woocommerce_products":{"2":{"title":"Products","number":5,"show":"","orderby":"date","order":"desc","hide_free":0,"show_hidden":0,"widget-class":""},"_multiwidget":1}}]