[{"sidebar-1":["search-2","categories-2","recent-posts-4","calendar-2","tag_cloud-2"],"top_bar_right":["text-5"],"menu_right":["woocommerce_widget_cart-1"],"footer":["text-7","text-8","text-9","media_gallery-2"],"copyright":["text-6"],"sidebar-shop":["media_image-4","hotel_hotel_register-5","hotel_hotel_register-6"],"single_hotel":["media_image-2","hotel_hotel_register-1","hotel_hotel_register-2"]},{"search":{"2":{"title":""},"_multiwidget":1},"categories":{"2":{"title":"","count":0,"hierarchical":0,"dropdown":0},"_multiwidget":1},"recent-posts":{"4":{"title":"","number":5,"show_date":true,"widget-class":""},"_multiwidget":1},"calendar":{"2":{"title":"","widget-class":""},"_multiwidget":1},"tag_cloud":{"2":{"title":"","count":0,"taxonomy":"post_tag","widget-class":""},"_multiwidget":1},"text":{"5":{"title":"","text":"<ul class=\"top_bar_info clearfix\">\r\n\t<li><i class=\"fa fa-phone\"><\/i> 0123456789<\/li>\r\n\t<li class=\"hidden-info\"><i class=\"fa fa-map-marker\"><\/i> 1010 Moon ave, New York, NY US<\/li> \r\n<\/ul>","filter":false,"widget-class":""},"7":{"title":"Contact","text":"<div class=\"footer-info\">\r\n<p>Lorem ipsum dolor sit amet, cons ectetueradipiscing elit, sed diam nonu my nibh euis motincidunt ut laoreetd\r\n<\/p>\r\n<ul class=\"contact-info\">\r\n<li><i class=\"fa fa-map-marker fa-fw\"><\/i> 1945 Washington, San Francisco<\/li>\r\n<li><i class=\"fa fa-phone fa-fw\"><\/i> +1 234 456 7890<\/li>\r\n<li><i class=\"fa fa-envelope fa-fw\"><\/i><a href=\"mailto:hello@siteinfo.com\"> hello@siteinfo.com<\/a>\r\n<\/li>\r\n<\/ul>\r\n<\/div>","filter":true,"visual":true,"widget-class":"col-sm-3"},"8":{"title":"Information","text":"<ul class=\"menu list-arrow\">\r\n<li><a href=\"#\">Press Centre<\/a><\/li>\r\n<li><a href=\"#\">Room News<\/a><\/li>\r\n<li><a href=\"#\">About Us<\/a><\/li>\r\n<li><a href=\"#\">Privacy Policy<\/a><\/li>\r\n<li><a href=\"#\">Contact Us<\/a><\/li>\r\n<\/ul>","filter":true,"visual":true,"widget-class":"col-sm-3"},"9":{"title":"Our Menu","text":"<ul class=\"menu list-arrow\">\r\n<li><a href=\"#\">About us<\/a><\/li>\r\n<li><a href=\"#\">Career<\/a><\/li>\r\n<li><a href=\"#\">Terms<\/a><\/li>\r\n<li><a href=\"#\">Privacy Policy<\/a><\/li>\r\n<li><a href=\"#\">Contact<\/a><\/li>\r\n<\/ul>","filter":true,"visual":true,"widget-class":"col-sm-3"},"6":{"title":"","text":"<ul class=\"nav_ft_menu\">\r\n\t<li><a href=\"#\">Terms of Use<\/a><\/li>\r\n\t<li>|<\/li>\r\n\t<li><a href=\"#\">Privacy Policy<\/a><\/li>\r\n\t<li>|<\/li>\r\n\t<li><a href=\"https:\/\/twitter.com\/physcode\"><i class=\"fa fa-x-twitter\"><\/i><\/a><\/li>\r\n\t<li><a href=\"https:\/\/www.facebook.com\/physcode\/\"><i class=\"fa fa-facebook\"><\/i><\/a><\/li>\r\n\t<li><a href=\"https:\/\/www.instagram.com\/physcode\/\"><i class=\"fa fa-instagram\"><\/i><\/a><\/li>\r\n<\/ul>","filter":false,"widget-class":"","visual":false},"_multiwidget":1},"woocommerce_widget_cart":{"1":{"title":"","hide_if_empty":0,"widget-class":""},"_multiwidget":1},"media_gallery":{"2":{"title":"","ids":[761,739,726,788,721,718,856,854,853],"columns":3,"size":"thumbnail","link_type":"post","orderby_random":false,"widget-class":"col-sm-3 custom-instagram"},"_multiwidget":1},"media_image":{"4":{"attachment_id":729,"url":"http:\/\/hotelqueen.physcode.com\/wp-content\/uploads\/sites\/2\/2017\/07\/sale-off.jpg","title":"","size":"full","width":300,"height":250,"caption":"","alt":"","link_type":"none","link_url":"","image_classes":"","link_classes":"","link_rel":"","image_title":"","widget-class":"","link_target_blank":false},"2":{"attachment_id":729,"url":"http:\/\/hotel.physcode.com\/wp-content\/uploads\/sites\/2\/sites\/6\/2017\/07\/sale-off.jpg","title":"","size":"full","width":300,"height":250,"caption":"","alt":"","link_type":"none","link_url":"","image_classes":"","link_classes":"","link_rel":"","image_title":"","widget-class":"","link_target_blank":false},"_multiwidget":1},"hotel_hotel_register":{"5":{"hotel_cat":"","orderby":"date","order":"desc","hotel_id":"258","number_post":"1","display_mode":"","widget-class":""},"6":{"hotel_cat":"","orderby":"date","order":"desc","hotel_id":"261","number_post":"1","display_mode":"","widget-class":""},"1":{"hotel_cat":"","orderby":"date","order":"desc","hotel_id":"258","number_post":"1","display_mode":"","widget-class":""},"2":{"hotel_cat":"","orderby":"date","order":"desc","hotel_id":"261","number_post":"1","display_mode":"","widget-class":""},"_multiwidget":1}}]