[{"sidebar-1":["search-2","archives-2","categories-2","recent-posts-2"],"menu_right":["woocommerce_widget_cart-2","tourwp_search_widget-3"],"footer":["text-6","text-7","text-9","text-21"],"copyright":["tourwp_social_widget-3"],"single_tour":["tourwp_tour_register-3","tourwp_tour_register-4","tourwp_tour_register-5"],"sidebar-tour-phys":["tb_search_widget_phys-2","tourwp_tour_register-6","tourwp_tour_register-7","tourwp_tour_register-8"]},{"search":{"2":{"title":"","widget-class":""},"_multiwidget":1},"archives":{"2":{"title":"","count":0,"dropdown":0,"widget-class":""},"_multiwidget":1},"categories":{"2":{"title":"Category","count":1,"hierarchical":0,"dropdown":0,"widget-class":""},"_multiwidget":1},"recent-posts":{"2":{"title":"","number":5,"show_date":true,"widget-class":""},"_multiwidget":1},"woocommerce_widget_cart":{"2":{"title":"","hide_if_empty":0,"widget-class":""},"_multiwidget":1},"tourwp_search_widget":{"3":{"widget-class":""},"_multiwidget":1},"text":{"6":{"title":"CONTACT","text":"<div class=\"footer-info\">\r\n\r\nLorem ipsum dolor sit amet, cons ectetueradipiscing elit, sed diam nonu my nibh euis motincidunt ut laoreetd\r\n<ul class=\"contact-info\">\r\n \t<li><i class=\"fa fa-map-marker fa-fw\"><\/i> 1945 Washington, San Francisco<\/li>\r\n \t<li><i class=\"fa fa-phone fa-fw\"><\/i> +1 234 456 7890<\/li>\r\n \t<li><i class=\"fa fa-envelope fa-fw\"><\/i><a href=\"mailto:hello@siteinfo.com\"> hello@siteinfo.com<\/a><\/li>\r\n<\/ul>\r\n<\/div>","filter":true,"widget-class":"col-sm-3","visual":true},"7":{"title":"SHOP","text":"<ul class=\"menu list-arrow\">\r\n \t<li><a href=\"#\">Destination guides<\/a><\/li>\r\n \t<li><a href=\"#\">eBooks<\/a><\/li>\r\n \t<li><a href=\"#\">Pictorial & gifts<\/a><\/li>\r\n \t<li><a href=\"#\">Phrasebooks<\/a><\/li>\r\n \t<li><a href=\"#\">Activity guides<\/a><\/li>\r\n \t<li><a href=\"#\">Special offers<\/a><\/li>\r\n<\/ul>","filter":true,"widget-class":"col-sm-3","visual":true},"9":{"title":"INTERESTS","text":"<ul>\r\n \t<li><a href=\"#\">Adventure travel<\/a><\/li>\r\n \t<li><a href=\"#\">Beaches<\/a><\/li>\r\n \t<li><a href=\"#\">Budget travel<\/a><\/li>\r\n \t<li><a href=\"#\">Family travel<\/a><\/li>\r\n \t<li><a href=\"#\">Festivals and events<\/a><\/li>\r\n \t<li><a href=\"#\">Food and drink<\/a><\/li>\r\n \t<li><a href=\"#\">Honeymoons and romance<\/a><\/li>\r\n<\/ul>","filter":true,"widget-class":"col-sm-3","visual":true},"21":{"title":"NEWSLETTER SIGN UP","text":"<p>Subscribe now and receive a 20% discount on your next booking.<\/p>\r\n<div>[epm_mailchimp]<\/div>","filter":true,"widget-class":"col-sm-3","visual":true},"_multiwidget":1},"tourwp_social_widget":{"3":{"facebook":"physcode","twitter":"physcode","googleplus":"","instagram":"physcode","bloglovin":"","youtube":"","tumblr":"","pinterest":"","widget-class":""},"_multiwidget":1},"tourwp_tour_register":{"3":{"tour_cat":"","orderby":"date","order":"desc","tour_id":"256","number_post":"1","display_mode":"","widget-class":""},"4":{"tour_cat":"","orderby":"date","order":"desc","tour_id":"257","number_post":"1","display_mode":"","widget-class":""},"5":{"tour_cat":"","orderby":"date","order":"desc","tour_id":"262","number_post":"1","display_mode":"","widget-class":""},"6":{"tour_cat":"","orderby":"date","order":"desc","tour_id":"256","number_post":"1","display_mode":"","widget-class":""},"7":{"tour_cat":"","orderby":"date","order":"desc","tour_id":"257","number_post":"1","display_mode":"","widget-class":""},"8":{"tour_cat":"","orderby":"date","order":"desc","tour_id":"262","number_post":"1","display_mode":"","widget-class":""},"_multiwidget":1},"tb_search_widget_phys":{"2":{"show_tour_code":"hide","widget-class":""},"_multiwidget":1}}]