[{"sidebar-1":["search-2","categories-2","recent-posts-4","calendar-2","tag_cloud-2"],"top_bar_left":["sp_location_weather_widget_content-2"],"top_bar_right":["text-5"],"menu_right":["woocommerce_widget_cart-1"],"copyright":["text-6"],"sidebar-shop":["media_image-4","hotel_hotel_register-5","hotel_hotel_register-6"],"single_hotel":["media_image-2","hotel_hotel_register-1","hotel_hotel_register-2"]},{"search":{"2":{"title":""},"_multiwidget":1},"categories":{"2":{"title":"","count":0,"hierarchical":0,"dropdown":0},"_multiwidget":1},"recent-posts":{"4":{"title":"","number":5,"show_date":true,"widget-class":""},"_multiwidget":1},"calendar":{"2":{"title":"","widget-class":""},"_multiwidget":1},"tag_cloud":{"2":{"title":"","count":0,"taxonomy":"post_tag","widget-class":""},"_multiwidget":1},"sp_location_weather_widget_content":{"2":{"title":"","location_weather_city":"London","location_weather_country":"UK","widget-class":""},"_multiwidget":1},"text":{"5":{"title":"","text":"<ul class=\"top_bar_info clearfix\">\r\n\t<li><i class=\"fa fa-phone\"><\/i> 0123456789<\/li>\r\n\t<li class=\"hidden-info\"><i class=\"fa fa-map-marker\"><\/i> 1010 Moon ave, New York, NY US<\/li> \r\n<\/ul>","filter":false,"widget-class":""},"6":{"title":"","text":"<ul class=\"nav_ft_menu\">\r\n\t<li><a href=\"#\">Terms of Use<\/a><\/li>\r\n\t<li>|<\/li>\r\n\t<li><a href=\"#\">Privacy Policy<\/a><\/li>\r\n\t<li>|<\/li>\r\n\t<li><a href=\"https:\/\/twitter.com\/physcode\"><i class=\"fa fa-x-twitter\"><\/i><\/a><\/li>\r\n\t<li><a href=\"https:\/\/www.facebook.com\/physcode\/\"><i class=\"fa fa-facebook\"><\/i><\/a><\/li>\r\n\t<li><a href=\"https:\/\/www.instagram.com\/physcode\/\"><i class=\"fa fa-instagram\"><\/i><\/a><\/li>\r\n<\/ul>","filter":false,"widget-class":"","visual":false},"_multiwidget":1},"woocommerce_widget_cart":{"1":{"title":"","hide_if_empty":0,"widget-class":""},"_multiwidget":1},"media_image":{"4":{"attachment_id":729,"url":"http:\/\/hotelqueen.physcode.com\/wp-content\/uploads\/2017\/07\/sale-off.jpg","title":"","size":"full","width":300,"height":250,"caption":"","alt":"","link_type":"none","link_url":"","image_classes":"","link_classes":"","link_rel":"","image_title":"","widget-class":"","link_target_blank":false},"2":{"attachment_id":729,"url":"http:\/\/hotel.physcode.com\/wp-content\/uploads\/sites\/6\/2017\/07\/sale-off.jpg","title":"","size":"full","width":300,"height":250,"caption":"","alt":"","link_type":"none","link_url":"","image_classes":"","link_classes":"","link_rel":"","image_title":"","widget-class":"","link_target_blank":false},"_multiwidget":1},"hotel_hotel_register":{"5":{"hotel_cat":"","orderby":"date","order":"desc","hotel_id":"258","number_post":"1","display_mode":"","widget-class":""},"6":{"hotel_cat":"","orderby":"date","order":"desc","hotel_id":"261","number_post":"1","display_mode":"","widget-class":""},"1":{"hotel_cat":"","orderby":"date","order":"desc","hotel_id":"258","number_post":"1","display_mode":"","widget-class":""},"2":{"hotel_cat":"","orderby":"date","order":"desc","hotel_id":"261","number_post":"1","display_mode":"","widget-class":""},"_multiwidget":1}}]