[{"sidebar-1":["search-2","patistry_widget_posts-2","recent-comments-2","categories-2"],"menu_left":["custom_html-3","media_image-4"],"menu_right":["woocommerce_widget_cart-2","patistry_search_widget-2"],"footer":["nav_menu-2","media_image-2","patistry_social_widget-2"],"sidebar-shop":["woocommerce_product_search-2","woocommerce_price_filter-2","woocommerce_product_categories-2","woocommerce_products-2"]},{"search":{"2":{"title":""},"_multiwidget":1},"patistry_widget_posts":{"2":{"title":"Recent Posts","limit":"3","order":"DESC","orderby":"post_date","widget-class":""},"_multiwidget":1},"recent-comments":{"2":{"title":"","number":5},"_multiwidget":1},"categories":{"2":{"title":"","count":1,"hierarchical":0,"dropdown":0,"widget-class":""},"_multiwidget":1},"custom_html":{"3":{"title":"","content":"<p>\r\n\tHours: Open : <span class=\"bg-theme-primary\">Closes 10PM Today<\/span> Call US: +00 25 854 78521\r\n<\/p>","widget-class":""},"_multiwidget":1},"media_image":{"4":{"attachment_id":554,"url":"http:\/\/patistry.physcode.com\/wp-content\/uploads\/2018\/07\/GestapoEfsane-ZoRRoKiN-TurkHackTeam.org_-360x357.png","title":"","size":"medium","width":640,"height":357,"caption":"GestapoEfsane &amp; ZoRRoKiN \/ Turk Hack Team.org","alt":"GestapoEfsane & ZoRRoKiN \/ Turk Hack Team.org","link_type":"custom","link_url":"http:\/\/GestapoEfsane%20&%20ZoRRoKiN%20\/%20Turk%20Hack%20Team.org","image_classes":"","link_classes":"","link_rel":"","link_target_blank":false,"image_title":"","widget_logic":"GestapoEfsane & ZoRRoKiN \/ Turk Hack Team.org","widget-class":"GestapoEfsane  ZoRRoKiN  Turk Hack Teamorg"},"2":{"attachment_id":317,"url":"http:\/\/patistry.physcode.com\/wp-content\/uploads\/2018\/06\/logo-white.png","title":"","size":"full","width":159,"height":128,"caption":"","alt":"","link_type":"custom","link_url":"","image_classes":"","link_classes":"","link_rel":"","link_target_blank":false,"image_title":"","widget-class":"col-sm-2 text-center"},"_multiwidget":1},"woocommerce_widget_cart":{"2":{"title":"","hide_if_empty":0,"widget-class":""},"_multiwidget":1},"patistry_search_widget":{"2":{"widget-class":"","email":"info@gmail.com"},"_multiwidget":1},"nav_menu":{"2":{"nav_menu":52,"widget_logic":"","widget-class":"col-sm-5 text-right"},"_multiwidget":1},"patistry_social_widget":{"2":{"style":"social_black","title":"Follow Us At","facebook":"physcode","twitter":"physcode","googleplus":"","instagram":"physcode","bloglovin":"","youtube":"","tumblr":"","pinterest":"","widget-class":"col-sm-5 "},"_multiwidget":1},"woocommerce_product_search":{"2":{"title":"","widget-class":""},"_multiwidget":1},"woocommerce_price_filter":{"2":{"title":"Filter by price","widget-class":""},"_multiwidget":1},"woocommerce_product_categories":{"2":{"title":"Product categories","orderby":"name","dropdown":0,"count":1,"hierarchical":0,"show_children_only":0,"hide_empty":0,"max_depth":"","widget-class":""},"_multiwidget":1},"woocommerce_products":{"2":{"title":"Products","number":5,"show":"","orderby":"date","order":"desc","hide_free":0,"show_hidden":0,"widget-class":""},"_multiwidget":1}}]