[{"course-sidebar":["block-20"],"archive-courses-sidebar":["learnpress_widget_course_filter-3"],"sidebar":["block-17","categories-2","block-18","block-19","tag_cloud-2"],"menu_right":["block-16"],"sidebar_shop":["block-12","wcbt-product-filter-4"],"sidebar_single_product":["wcbt-product-filter-3"]},{"block":{"20":{"content":"[thim_ekit id=\"34137\"]"},"17":{"content":"<!-- wp:search {\"label\":\"\",\"placeholder\":\"Search...\",\"buttonText\":\"\",\"buttonUseIcon\":true} \/-->"},"18":{"content":"<!-- wp:heading {\"level\":4,\"className\":\"parent-block-mb-0\"} -->\n<h4 class=\"wp-block-heading parent-block-mb-0\">Recent Posts<\/h4>\n<!-- \/wp:heading -->"},"19":{"content":"<!-- wp:latest-posts {\"postsToShow\":3,\"displayPostDate\":true,\"displayFeaturedImage\":true,\"featuredImageAlign\":\"left\",\"featuredImageSizeWidth\":120,\"featuredImageSizeHeight\":84,\"addLinkToFeaturedImage\":true} \/-->"},"16":{"content":"<!-- wp:shortcode -->\n[thim_ekit id=\"30994\"]\n<!-- \/wp:shortcode -->"},"12":{"content":"<!-- wp:search {\"label\":\"\",\"placeholder\":\"Search products\u2026\",\"buttonText\":\"\",\"buttonUseIcon\":true,\"query\":{\"post_type\":\"product\"},\"namespace\":\"woocommerce\/product-search\"} \/-->"},"_multiwidget":1},"learnpress_widget_course_filter":{"3":{"title":"Course Filter","number_level_category":2,"class_list_courses_target":".lp-list-courses-default","show_in_rest":1,"hide_count_zero":1,"search_suggestion":1,"fields_order":"search,price,type,category,tag,author,level,course_review,btn_submit,btn_reset","fields":["price","type","category","tag","course_review","btn_submit","btn_reset"]},"_multiwidget":1},"categories":{"2":{"title":"Categories","count":1,"hierarchical":1,"dropdown":0},"_multiwidget":1},"tag_cloud":{"2":{"title":"","count":0,"taxonomy":"post_tag"},"_multiwidget":1},"wcbt-product-filter":{"4":[],"3":[],"_multiwidget":1}}]