[{"sidebar-1":["search-3","categories-3","recent-posts-5","calendar-3","tag_cloud-3"],"top_bar_left":["sp_location_weather_widget_content-3"],"top_bar_right":["custom_html-4"],"menu_right":["woocommerce_widget_cart-2"],"footer":["text-11","text-12","text-13","media_gallery-3"],"copyright":["custom_html-2"],"sidebar-shop":["media_image-5","hotel_hotel_register-7","hotel_hotel_register-8"]},{"search":{"3":{"title":"","widget-class":""},"_multiwidget":1},"categories":{"3":{"title":"","count":0,"hierarchical":0,"dropdown":0,"widget-class":""},"_multiwidget":1},"recent-posts":{"5":{"title":"","number":5,"show_date":true,"widget-class":""},"_multiwidget":1},"calendar":{"3":{"title":"","widget-class":""},"_multiwidget":1},"tag_cloud":{"3":{"title":"","count":0,"taxonomy":"post_tag","widget-class":""},"_multiwidget":1},"sp_location_weather_widget_content":{"3":{"title":"","location_weather_city":"London","location_weather_country":"UK","widget-class":""},"_multiwidget":1},"custom_html":{"4":{"title":"","content":"<ul class=\"top_bar_info clearfix\">\r\n\t<li><i class=\"fa fa-phone\"><\/i> 0123456789<\/li>\r\n\t<li class=\"hidden-info\"><i class=\"fa fa-map-marker\"><\/i> 1010 Moon ave, New York, NY US<\/li> \r\n<\/ul>","widget-class":""},"2":{"title":"","content":"<ul class=\"nav_ft_menu\">\r\n\t<li><a href=\"#\">Terms of Use<\/a><\/li>\r\n\t<li>|<\/li>\r\n\t<li><a href=\"#\">Privacy Policy<\/a><\/li>\r\n\t<li>|<\/li>\r\n\t<li><a href=\"https:\/\/twitter.com\/physcode\"><i class=\"fab fa-twitter\"><\/i><\/a><\/li>\r\n\t<li><a href=\"https:\/\/www.facebook.com\/physcode\/\"><i class=\"fab fa-facebook\"><\/i><\/a><\/li>\r\n\t<li><a href=\"https:\/\/www.instagram.com\/physcode\/\"><i class=\"fab fa-instagram\"><\/i><\/a><\/li>\r\n<\/ul>","widget-class":""},"_multiwidget":1},"woocommerce_widget_cart":{"2":{"title":"","hide_if_empty":0,"widget-class":""},"_multiwidget":1},"text":{"11":{"title":"Contact","text":"<div class=\"footer-info\">\r\n\r\nLorem ipsum dolor sit amet, cons ectetueradipiscing elit, sed diam nonu my nibh euis motincidunt ut laoreetd\r\n<ul class=\"contact-info\">\r\n \t<li><i class=\"fa fa-map-marker fa-fw\"><\/i> 1945 Washington, San Francisco<\/li>\r\n \t<li><i class=\"fa fa-phone fa-fw\"><\/i> +1 234 456 7890<\/li>\r\n \t<li><i class=\"fa fa-envelope fa-fw\"><\/i><a href=\"mailto:hello@siteinfo.com\"> hello@siteinfo.com<\/a><\/li>\r\n<\/ul>\r\n<\/div>","filter":true,"visual":true,"widget-class":"col-sm-3"},"12":{"title":"Information","text":"<ul class=\"menu list-arrow\">\r\n \t<li><a href=\"#\">Press Centre<\/a><\/li>\r\n \t<li><a href=\"#\">Room News<\/a><\/li>\r\n \t<li><a href=\"#\">About Us<\/a><\/li>\r\n \t<li><a href=\"#\">Privacy Policy<\/a><\/li>\r\n \t<li><a href=\"#\">Contact Us<\/a><\/li>\r\n<\/ul>","filter":true,"visual":true,"widget-class":"col-sm-3"},"13":{"title":"Our Menu","text":"<ul class=\"menu list-arrow\">\r\n \t<li><a href=\"#\">About us<\/a><\/li>\r\n \t<li><a href=\"#\">Career<\/a><\/li>\r\n \t<li><a href=\"#\">Terms<\/a><\/li>\r\n \t<li><a href=\"#\">Privacy Policy<\/a><\/li>\r\n \t<li><a href=\"#\">Contact<\/a><\/li>\r\n<\/ul>","filter":true,"visual":true,"widget-class":"col-sm-3"},"_multiwidget":1},"media_gallery":{"3":{"title":"","ids":[761,739,726,721,788,718,713,712,644],"columns":3,"size":"thumbnail","link_type":"post","orderby_random":false,"widget-class":"col-sm-3 custom-instagram"},"_multiwidget":1},"media_image":{"5":{"size":"full","width":300,"height":250,"caption":"","alt":"","link_type":"custom","link_url":"#","image_classes":"","link_classes":"","link_rel":"","link_target_blank":false,"image_title":"","attachment_id":729,"url":"https:\/\/hotelqueen.physcode.com\/demo-elementor-02\/wp-content\/uploads\/sites\/9\/2017\/07\/sale-off.jpg","title":"","widget-class":""},"_multiwidget":1},"hotel_hotel_register":{"7":{"hotel_cat":"","orderby":"date","order":"desc","hotel_id":"","number_post":"1","display_mode":"","widget-class":""},"8":{"hotel_cat":"","orderby":"date","order":"desc","hotel_id":"","number_post":"1","display_mode":"","widget-class":""},"_multiwidget":1}}]