[{"sidebar-1":["categories-3","custom_html-3","physc_widget_posts-1","null-instagram-feed-1","tag_cloud-1"],"menu_right":["woocommerce_widget_cart-2","physc_search_widget-2"],"canvas_right":["null-instagram-feed-2","custom_html-2","physc_social_widget-1"],"top_footer":["null-instagram-feed-3"],"footer":["text-3","text-4","text-5","custom_html-1"],"sidebar-shop":["woocommerce_product_search-1","woocommerce_price_filter-1","woocommerce_product_categories-1","woocommerce_products-1","woocommerce_product_tag_cloud-2","media_image-2"]},{"categories":{"3":{"title":"","count":1,"hierarchical":0,"dropdown":0,"widget-class":""},"_multiwidget":1},"custom_html":{"3":{"title":"","content":"<div class=\"author-blog\">\r\n<img src=\"http:\/\/uray.physcode.com\/elementor\/wp-content\/uploads\/sites\/6\/2019\/04\/about-blog.png\" alt=\"Denise Murray\">\r\n<h3>Denise Murray<\/h3>             <small>denise_83@example.com<\/small>\r\n<p>Sed ut perspiciatis unde omnis iste natus error sit volupta.<\/p>\r\n<\/div>","widget-class":"block-border"},"2":{"title":"newsletter","content":"<p>Subscribe to our newsletter<\/p>\r\n<form class=\"mc4wp-form\"><div class=\"email\">\r\n<input type=\"email\" name=\"EMAIL\" placeholder=\"Your e-mail...\" required=\"\">\r\n<button type=\"submit\" value=\"Subscribe\">send<\/button>\r\n<\/div><\/form>","widget-class":"no-padding-title"},"1":{"title":"Newsletter","content":"<p>Subscribe to our newsletter<\/p>\r\n[mc4wp_form id=\"5804\"]\r\n<span>@ 2019 Uray. Get The Theme<\/span>","widget-class":"col-sm-3"},"_multiwidget":1},"physc_widget_posts":{"1":{"title":"Latest Posts","limit":"3","order":"DESC","orderby":"post_date","widget-class":""},"_multiwidget":1},"null-instagram-feed":{"1":{"title":"Instagram","username":"#physc_uray","number":"6","size":"large","target":"_self","link":"","widget-class":""},"2":{"title":"follow instagram","username":"#physc_uray","number":"6","size":"large","target":"_self","link":"","widget-class":""},"3":{"title":"Follow Instagram","username":"#physc_uray","number":"5","size":"large","target":"_self","link":"","widget-class":""},"_multiwidget":1},"tag_cloud":{"1":{"title":"Tag","count":0,"taxonomy":"post_tag","widget-class":""},"_multiwidget":1},"woocommerce_widget_cart":{"2":{"title":"","hide_if_empty":0,"widget-class":""},"_multiwidget":1},"physc_search_widget":{"2":{"widget-class":""},"_multiwidget":1},"physc_social_widget":{"1":{"facebook":"#","twitter":"#","googleplus":"","instagram":"#","youtube":"","tumblr":"","pinterest":"#","widget-class":""},"_multiwidget":1},"text":{"3":{"title":"","text":"<img class=\"alignnone size-full wp-image-6677\" src=\"http:\/\/uray.physcode.com\/elementor\/wp-content\/uploads\/sites\/6\/2019\/04\/logo.png\" alt=\"\" width=\"140\" height=\"70\" \/>\r\n\r\nNemo enim ipsam voluptatem quia voluptas sit aspernatur aut.\r\n<div class=\"socials\"><a href=\"https:\/\/www.facebook.com\/physcode\"><i class=\"zmdi zmdi-facebook\">\u00a0<\/i><\/a><a href=\"#\"><i class=\"zmdi zmdi-twitter\">\u00a0<\/i><\/a><a href=\"#\"><i class=\"zmdi zmdi-tumblr\">\u00a0<\/i><\/a><a href=\"https:\/\/www.instagram.com\/physcode\/\"><i class=\"zmdi zmdi-instagram\">\u00a0<\/i><\/a><\/div>","filter":true,"visual":true,"widget-class":"col-sm-3"},"4":{"title":"Contact","text":"<ul>\r\n \t<li>No 40 Baria Sreet 133\/2<\/li>\r\n \t<li>+ (156) 1800-366-6666<\/li>\r\n \t<li>Eric-82@example.com<\/li>\r\n \t<li><a href=\"http:\/\/uray.physcode.com\/elementor\">uray.physcode.com\/elementor<\/a><\/li>\r\n<\/ul>","filter":true,"visual":true,"widget-class":"col-sm-3 pading-lt-7x"},"5":{"title":"Profile","text":"<ul>\r\n \t<li><a href=\"#\">My Account<\/a><\/li>\r\n \t<li><a href=\"#\">Checkout<\/a><\/li>\r\n \t<li><a href=\"#\">Order Tracking<\/a><\/li>\r\n \t<li><a href=\"#\">Help &amp; Suppport<\/a><\/li>\r\n<\/ul>","filter":true,"visual":true,"widget-class":"col-sm-3 pading-lt-7x"},"_multiwidget":1},"woocommerce_product_search":{"1":{"title":"","widget-class":""},"_multiwidget":1},"woocommerce_price_filter":{"1":{"title":"Filter by price","widget-class":""},"_multiwidget":1},"woocommerce_product_categories":{"1":{"title":"Categories","orderby":"name","dropdown":0,"count":1,"hierarchical":1,"show_children_only":0,"hide_empty":1,"max_depth":"","widget-class":""},"_multiwidget":1},"woocommerce_products":{"1":{"title":"Products","number":3,"show":"","orderby":"date","order":"desc","hide_free":0,"show_hidden":0,"widget-class":""},"_multiwidget":1},"woocommerce_product_tag_cloud":{"2":{"title":"Product tags","widget-class":""},"_multiwidget":1},"media_image":{"2":{"attachment_id":6735,"url":"http:\/\/uray.physcode.com\/elementor\/wp-content\/uploads\/sites\/6\/2019\/04\/banner-sidebar.jpg","title":"","size":"full","width":270,"height":156,"caption":"","alt":"","link_type":"custom","link_url":"","image_classes":"","link_classes":"","link_rel":"","link_target_blank":false,"image_title":"","widget-class":""},"_multiwidget":1}}]