[{"archive-courses-sidebar":["learnpress_widget_course_filter-2"],"sidebar":["block-9","categories-3","block-11","block-10","tag_cloud-3"],"menu_right":["block-13"],"sidebar_shop":["block-15","wcbt-product-filter-2"],"sidebar_single_product":["wcbt-product-filter-3"]},{"learnpress_widget_course_filter":{"2":{"title":"Filter","number_level_category":2,"class_list_courses_target":".lp-list-courses-default","show_in_rest":1,"hide_count_zero":1,"search_suggestion":1,"fields_order":"search,category,author,price,tag,level,course_review,btn_submit,btn_reset","fields":["search","category","author","price","course_review","btn_submit","btn_reset"]},"_multiwidget":1},"block":{"9":{"content":"<!-- wp:search {\"label\":\"\",\"placeholder\":\"Search...\",\"buttonText\":\"\",\"buttonUseIcon\":true} \/-->"},"11":{"content":"<!-- wp:heading {\"level\":4} -->\n<h4 class=\"wp-block-heading\">Recent Posts<\/h4>\n<!-- \/wp:heading -->"},"10":{"content":"<!-- wp:latest-posts {\"postsToShow\":3,\"displayPostDate\":true,\"displayFeaturedImage\":true,\"featuredImageAlign\":\"left\",\"featuredImageSizeWidth\":120,\"featuredImageSizeHeight\":84,\"addLinkToFeaturedImage\":true} \/-->"},"13":{"content":"<!-- wp:shortcode -->\n[thim_ekit id=\"30994\"]\n<!-- \/wp:shortcode -->"},"15":{"content":"<!-- wp:search {\"label\":\"\",\"placeholder\":\"Search products\u2026\",\"buttonText\":\"Search\",\"buttonUseIcon\":true,\"query\":{\"post_type\":\"product\"},\"namespace\":\"woocommerce\/product-search\"} \/-->"},"_multiwidget":1},"categories":{"3":{"title":"Categories","count":1,"hierarchical":1,"dropdown":0},"_multiwidget":1},"tag_cloud":{"3":{"title":"","count":0,"taxonomy":"post_tag"},"_multiwidget":1},"wcbt-product-filter":{"2":[],"3":[],"_multiwidget":1}}]