[{"sidebar-1":["search-2","recent-posts-2","recent-comments-2","archives-2","categories-2","meta-2"],"menu_right":["restaurantwp_search_widget-2","restaurantwp_social_widget-3"],"footer":["text-2","text-3","restaurantwp_social_widget-2","text-4"]},{"search":{"2":{"title":""},"_multiwidget":1},"recent-posts":{"2":{"title":"","number":5},"_multiwidget":1},"recent-comments":{"2":{"title":"","number":5},"_multiwidget":1},"archives":{"2":{"title":"","count":0,"dropdown":0},"_multiwidget":1},"categories":{"2":{"title":"","count":0,"hierarchical":0,"dropdown":0},"_multiwidget":1},"meta":{"2":{"title":""},"_multiwidget":1},"restaurantwp_search_widget":{"2":{"widget-class":""},"_multiwidget":1},"restaurantwp_social_widget":{"3":{"title":"","tripadvisor":"http:\/\/bit.ly\/2peOc2t","facebook":"physcode","twitter":"physcode","googleplus":"","instagram":"physcode","bloglovin":"","youtube":"","tumblr":"","pinterest":"","widget-class":""},"2":{"title":"FOLLOW US AT","tripadvisor":"http:\/\/bit.ly\/2peOc2t","facebook":"physcode","twitter":"physcode","googleplus":"","instagram":"physcode","bloglovin":"","youtube":"","tumblr":"","pinterest":"","widget-class":"col-sm-2 text-right"},"_multiwidget":1},"text":{"2":{"title":"","text":"<img src=\"http:\/\/restaurantwp.physcode.com\/wp-content\/uploads\/2017\/04\/logo-footer.png\" \/>\r\n\r\n\r\n<a href=\"\"><img src=\"http:\/\/restaurantwp.physcode.com\/wp-content\/uploads\/2017\/04\/trip-advisor.png\" \/><\/a>","filter":true,"widget-class":"col-sm-2"},"3":{"title":"","text":"22 Royal Street, Sundance Avenue, New York\r\nRESERVATIONS NUMBER: +00 25 854 78521\r\n\r\nWORKING HOURS:\r\nMON- FRI: 08:00 AM - 10:00 PM\r\nSAT - SUN: 10:00 AM - 11:00 PM","filter":true,"widget-class":"col-sm-4"},"4":{"title":"NEWSLETTER","text":"[epm_mailchimp]","filter":false,"widget-class":"col-sm-4"},"_multiwidget":1}}]